,PassengerId,Survived,Pclass,Age,SibSp,Parch,Fare,MaleCheck,Sozinho,Familiares,Embarked
0,1,0,3,-0.46153846153846156,1,0,-0.3120106021758714,1,0,1,0
1,2,1,1,0.7692307692307693,1,0,2.4612422909015312,0,0,1,1
2,3,1,3,-0.15384615384615385,0,0,-0.2827766613540295,0,1,0,0
3,4,1,1,0.5384615384615384,1,0,1.6737318966114614,0,0,1,0
4,5,0,3,0.5384615384615384,0,0,-0.277362968609244,1,1,0,0
5,6,0,3,0.0,0,0,-0.25967968262767654,1,1,0,2
6,7,0,1,2.0,0,0,1.6201363384380845,1,1,0,0
7,8,0,3,-2.0,3,1,0.2867438153974083,1,0,4,0
8,9,1,3,-0.07692307692307693,0,2,-0.14382665788926616,0,0,2,0
9,10,1,2,-1.0769230769230769,1,0,0.6763477929457417,0,0,1,1
10,11,1,3,-1.8461538461538463,1,1,0.09726456932991473,0,0,2,0
11,12,1,1,2.3076923076923075,0,0,0.5238635576190146,0,1,0,0
12,13,0,3,-0.6153846153846154,0,0,-0.277362968609244,1,1,0,0
13,14,0,3,0.8461538461538461,1,5,0.7285011433719076,1,0,6,0
14,15,0,3,-1.0769230769230769,0,0,-0.2858429769246761,0,1,0,0
15,16,1,2,2.076923076923077,0,0,0.06694788995911578,0,1,0,0
16,17,0,3,-2.0,4,1,0.6353856281615965,1,0,5,2
17,18,1,2,0.0,0,0,-0.06298073591573695,1,1,0,0
18,19,0,3,0.23076923076923078,1,0,0.15356697387568427,0,0,1,0
19,20,1,3,0.0,0,0,-0.31309334072482853,0,1,0,1
20,21,0,2,0.5384615384615384,0,0,0.5000433095419583,1,1,0,0
21,22,1,2,0.46153846153846156,0,0,-0.06298073591573695,1,1,0,0
22,23,1,3,-1.0,0,0,-0.27826380708197634,0,1,0,2
23,24,1,1,0.0,0,0,0.9114839581456586,1,1,0,0
24,25,0,3,-1.5384615384615385,3,1,0.2867438153974083,0,0,4,0
25,26,1,3,0.7692307692307693,1,5,0.7333734668422146,0,0,6,0
26,27,0,3,0.0,0,0,-0.31309334072482853,1,1,0,1
27,28,0,1,-0.6923076923076923,3,2,10.764404753655324,1,0,5,0
28,29,1,3,0.0,0,0,-0.28476023837571895,0,1,0,2
29,30,0,3,0.0,0,0,-0.2840412999792114,1,1,0,0
30,31,0,1,0.9230769230769231,0,0,0.5745703693437738,1,1,0,1
31,32,1,1,0.0,1,0,5.719743953987942,0,0,1,1
32,33,1,3,0.0,0,0,-0.29035583119672925,0,1,0,2
33,34,0,2,2.923076923076923,0,0,-0.1712545908114476,1,1,0,0
34,35,0,1,0.0,1,0,2.9327749289723513,1,0,1,1
35,36,0,1,1.0769230769230769,1,0,1.6260914004573488,1,0,1,0
36,37,1,3,0.0,0,0,-0.3129114406486037,1,1,0,1
37,38,0,3,-0.5384615384615384,0,0,-0.277362968609244,1,1,0,0
38,39,0,3,-0.7692307692307693,2,0,0.15356697387568427,0,0,2,0
39,40,1,3,-1.0769230769230769,1,0,-0.13913190354098817,0,0,1,1
40,41,0,3,0.9230769230769231,1,0,-0.21564687131868895,0,0,1,0
41,42,0,2,-0.07692307692307693,1,0,0.283495599750537,0,0,1,0
42,43,0,3,0.0,0,0,-0.2840412999792114,1,1,0,1
43,44,1,2,-1.9230769230769231,1,2,1.1747713256184602,0,0,3,1
44,45,1,3,-0.6923076923076923,0,0,-0.28476023837571895,0,1,0,2
45,46,0,3,0.0,0,0,-0.277362968609244,1,1,0,0
46,47,0,3,0.0,1,0,0.04529311897997366,1,0,1,2
47,48,1,3,0.0,0,0,-0.29035583119672925,0,1,0,2
48,49,0,3,0.0,2,0,0.31291144064860377,1,0,2,1
49,50,0,3,-0.7692307692307693,1,0,0.14490506548402746,0,0,1,0
50,51,0,3,-1.6153846153846154,4,1,1.092842665095974,1,0,5,0
51,52,0,3,-0.5384615384615384,0,0,-0.28819035409881505,1,1,0,0
52,53,1,1,1.6153846153846154,1,0,2.6971017254521517,0,0,1,1
53,54,1,2,0.07692307692307693,1,0,0.5000433095419583,0,0,1,0
54,55,0,1,2.8461538461538463,0,1,2.058285981567459,1,0,1,1
55,56,1,1,0.0,0,0,0.9114839581456586,1,1,0,0
56,57,1,2,-0.5384615384615384,0,0,-0.1712545908114476,0,1,0,0
57,58,0,3,0.038461538461538464,0,0,-0.3129114406486037,1,1,0,1
58,59,1,2,-1.7692307692307692,1,2,0.5758350079689557,0,0,3,0
59,60,0,3,-1.3076923076923077,5,2,1.405212736470099,1,0,7,0
60,61,0,3,-0.46153846153846156,0,0,-0.3129114406486037,1,1,0,1
61,62,1,1,0.7692307692307693,0,0,2.8387585752893076,0,1,0,0
62,63,0,1,1.3076923076923077,1,0,2.9892592335943453,1,0,1,0
63,64,0,3,-1.8461538461538463,3,2,0.5823314392626983,1,0,5,0
64,65,0,1,0.0,0,0,0.5745703693437738,1,1,0,1
65,66,1,3,0.0,1,1,0.03428383341417777,1,0,2,1
66,67,1,2,0.07692307692307693,0,0,-0.1712545908114476,0,1,0,0
67,68,0,3,-0.6923076923076923,0,0,-0.27267254521516177,1,1,0,0
68,69,1,3,-0.8461538461538461,4,2,-0.2827766613540295,0,0,6,0
69,70,0,3,-0.15384615384615385,2,0,-0.2508358741597949,1,0,2,0
70,71,0,2,0.3076923076923077,0,0,-0.1712545908114476,1,1,0,0
71,72,0,3,-0.9230769230769231,5,2,1.405212736470099,0,0,7,0
72,73,0,2,-0.5384615384615384,0,0,2.55724655256046,1,1,0,0
73,74,0,3,-0.15384615384615385,1,0,0.0,1,0,1,1
74,75,1,3,0.3076923076923077,0,0,1.8208024391934032,1,1,0,0
75,76,0,3,-0.23076923076923078,0,0,-0.29468678539255766,1,1,0,0
76,77,0,3,0.0,0,0,-0.2840412999792114,1,1,0,0
77,78,0,3,0.0,0,0,-0.277362968609244,1,1,0,0
78,79,1,2,-2.0900000000000003,0,2,0.629971935416811,1,0,2,0
79,80,1,3,0.15384615384615385,0,0,-0.0857182454438362,0,1,0,0
80,81,0,3,-0.46153846153846156,0,0,-0.23621890374887394,1,1,0,0
81,82,1,3,0.07692307692307693,0,0,-0.21456413276973182,1,1,0,0
82,83,1,3,0.0,0,0,-0.2887317233732936,0,1,0,2
83,84,0,1,0.0,0,0,1.4138746448617558,1,1,0,0
84,85,1,2,-0.8461538461538461,0,0,-0.1712545908114476,0,1,0,0
85,86,1,3,0.38461538461538464,3,0,0.06045145866537313,0,0,3,0
86,87,0,3,-0.9230769230769231,1,3,0.8627607234425888,1,0,4,0
87,88,0,3,0.0,0,0,-0.277362968609244,1,1,0,0
88,89,1,1,-0.38461538461538464,3,2,10.764404753655324,0,0,5,0
89,90,0,3,-0.3076923076923077,0,0,-0.277362968609244,1,1,0,0
90,91,0,3,0.07692307692307693,0,0,-0.277362968609244,1,1,0,0
91,92,0,3,-0.6153846153846154,0,0,-0.2858429769246761,1,1,0,0
92,93,0,1,1.3846153846153846,1,0,2.0234564479246067,1,0,1,0
93,94,0,3,-0.15384615384615385,1,2,0.2650890444182662,1,0,3,0
94,95,0,3,2.3846153846153846,0,0,-0.3120106021758714,1,1,0,0
95,96,0,3,0.0,0,0,-0.277362968609244,1,1,0,0
96,97,0,1,3.3076923076923075,0,0,0.8748527475573419,1,1,0,1
97,98,1,1,-0.38461538461538464,0,1,2.1180141708821285,1,0,1,1
98,99,1,2,0.46153846153846156,0,1,0.37011468366710554,0,0,1,0
99,100,0,2,0.46153846153846156,1,0,0.5000433095419583,1,0,1,0
100,101,0,3,0.0,0,0,-0.2840412999792114,0,1,0,0
101,102,0,3,0.0,0,0,-0.2840412999792114,1,1,0,0
102,103,0,1,-0.5384615384615384,0,1,2.721281442727461,1,0,1,0
103,104,0,3,0.38461538461538464,0,0,-0.25119534335804866,1,1,0,0
104,105,0,3,0.6923076923076923,2,0,-0.2827766613540295,1,0,2,0
105,106,0,3,0.0,0,0,-0.2840412999792114,1,1,0,0
106,107,1,3,-0.5384615384615384,0,0,-0.29468678539255766,0,1,0,0
107,108,1,3,0.0,0,0,-0.2892730926477721,1,1,0,0
108,109,0,3,0.7692307692307693,0,0,-0.2840412999792114,1,1,0,0
109,110,1,3,0.0,1,0,0.41992065691913233,0,0,1,2
110,111,0,1,1.4615384615384615,0,0,1.6260914004573488,1,1,0,0
111,112,0,3,-1.0384615384615385,1,0,0.0,0,0,1,1
112,113,0,3,-0.46153846153846156,0,0,-0.277362968609244,1,1,0,0
113,114,0,3,-0.6153846153846154,1,0,-0.20048853163328947,0,0,1,0
114,115,0,3,-0.8461538461538461,0,0,0.00017756912202893625,0,1,0,1
115,116,0,3,-0.5384615384615384,0,0,-0.2827766613540295,1,1,0,0
116,117,0,3,3.269230769230769,0,0,-0.29035583119672925,1,1,0,2
117,118,0,2,0.07692307692307693,1,0,0.283495599750537,1,0,1,0
118,119,0,1,-0.3076923076923077,0,1,10.094007691774651,1,0,1,1
119,120,0,3,-2.0,4,2,0.7285011433719076,0,0,6,0
120,121,0,2,-0.5384615384615384,2,0,2.55724655256046,1,0,2,0
121,122,0,3,0.0,0,0,-0.277362968609244,1,1,0,0
122,123,0,2,0.34615384615384615,1,0,0.6763477929457417,1,0,1,1
123,124,1,2,0.34615384615384615,0,0,-0.06298073591573695,0,1,0,0
124,125,0,1,2.0,0,1,2.721281442727461,1,0,1,0
125,126,1,3,-1.2307692307692308,1,0,-0.13913190354098817,1,0,1,1
126,127,0,3,0.0,0,0,-0.29035583119672925,1,1,0,2
127,128,1,3,-0.3076923076923077,0,0,-0.31670102556995355,1,1,0,0
128,129,1,3,0.0,1,1,0.34232295059247453,0,0,2,1
129,130,0,3,1.3076923076923077,0,0,-0.32392072621439955,1,1,0,0
130,131,0,3,0.38461538461538464,0,0,-0.2840412999792114,1,1,0,1
131,132,0,3,-0.6153846153846154,0,0,-0.32067251056752827,1,1,0,0
132,133,0,3,1.4615384615384615,1,0,0.001983577021689412,0,0,1,0
133,134,1,2,0.07692307692307693,1,0,0.5000433095419583,0,0,1,0
134,135,0,2,-0.23076923076923078,0,0,-0.06298073591573695,1,1,0,0
135,136,0,2,-0.38461538461538464,0,0,0.025621925022520947,1,1,0,1
136,137,1,1,-0.6923076923076923,0,2,0.5123129027787402,0,0,2,0
137,138,0,1,0.6923076923076923,1,0,1.6737318966114614,1,0,1,0
138,139,0,3,-0.9230769230769231,0,0,-0.22683372600651378,1,1,0,0
139,140,0,1,-0.3076923076923077,0,0,2.8041109417226804,1,1,0,1
140,141,0,3,0.0,0,2,0.03428383341417777,0,0,2,1
141,142,1,3,-0.46153846153846156,0,0,-0.29035583119672925,0,1,0,0
142,143,1,3,-0.3076923076923077,1,0,0.06045145866537313,0,0,1,0
143,144,0,3,-0.6923076923076923,0,0,-0.3336653731550135,1,1,0,2
144,145,0,2,-0.7692307692307693,0,0,-0.12794504885316332,1,1,0,0
145,146,0,2,-0.6923076923076923,1,1,0.9656208855935139,1,0,2,0
146,147,1,3,-0.07692307692307693,0,0,-0.28837225417503987,1,1,0,0
147,148,0,3,-1.4615384615384615,2,2,0.8627607234425888,0,0,4,0
148,149,0,2,0.6538461538461539,0,2,0.5000433095419583,1,0,2,0
149,150,0,2,1.0769230769230769,0,0,-0.06298073591573695,1,1,0,0
150,151,0,2,1.7692307692307692,0,0,-0.08355276834592196,1,1,0,0
151,152,1,1,-0.46153846153846156,1,0,2.2584107130482987,0,0,1,0
152,153,0,3,2.1153846153846154,0,0,-0.277362968609244,1,1,0,0
153,154,0,3,0.9615384615384616,0,2,0.001983577021689412,1,0,2,0
154,155,0,3,0.0,0,0,-0.30930375580347863,1,1,0,0
155,156,0,1,1.7692307692307692,0,1,2.0323002563924883,1,0,1,1
156,157,1,3,-0.9230769230769231,0,0,-0.29107910054743263,0,1,0,2
157,158,0,3,0.15384615384615385,0,0,-0.277362968609244,1,1,0,0
158,159,0,3,0.0,0,0,-0.2508358741597949,1,1,0,0
159,160,0,3,0.0,8,2,2.3861738618252373,1,0,10,0
160,161,0,3,1.2307692307692308,0,1,0.07127884415494427,1,0,1,0
161,162,1,2,0.9230769230769231,0,0,0.056120504469544724,0,1,0,0
162,163,0,3,-0.15384615384615385,0,0,-0.2892730926477721,1,1,0,0
163,164,0,3,-0.8461538461538461,0,0,-0.2508358741597949,1,1,0,0
164,165,0,3,-2.076923076923077,4,1,1.092842665095974,1,0,5,0
165,166,1,3,-1.4615384615384615,0,2,0.26292356732035194,1,0,2,0
166,167,1,1,0.0,0,1,1.7560200263322014,0,0,1,0
167,168,0,3,1.3076923076923077,1,4,0.5823314392626983,0,0,5,0
168,169,0,1,0.0,0,0,0.49679509389508697,1,1,0,0
169,170,0,3,0.0,0,0,1.8208024391934032,1,1,0,0
170,171,0,1,2.5384615384615383,0,0,0.8248648742290902,1,1,0,0
171,172,0,3,-1.8461538461538463,4,1,0.6353856281615965,1,0,5,2
172,173,1,3,-2.076923076923077,1,1,-0.14382665788926616,0,0,2,0
173,174,0,3,-0.5384615384615384,0,0,-0.2827766613540295,1,1,0,0
174,175,0,1,2.1538461538461537,0,0,0.7034162566696693,1,1,0,1
175,176,0,3,-0.7692307692307693,1,1,-0.2858429769246761,1,0,2,0
176,177,0,3,0.0,3,1,0.4769463308156052,1,0,4,0
177,178,0,1,1.6923076923076923,0,0,0.6175204421038042,0,1,0,1
178,179,0,2,0.15384615384615385,0,0,-0.06298073591573695,1,1,0,0
179,180,0,3,0.6153846153846154,0,0,-0.6260047813734322,1,1,0,0
180,181,0,3,0.0,8,2,2.3861738618252373,0,0,10,0
181,182,0,2,0.0,0,0,0.025803825098745778,1,1,0,1
182,183,0,3,-1.4615384615384615,4,2,0.7333734668422146,1,0,6,0
183,184,1,2,-2.076923076923077,2,1,1.0630673549996534,1,0,3,0
184,185,1,3,-1.8461538461538463,0,2,0.3278878802577783,0,0,2,0
185,186,0,1,0.0,0,0,1.5394723165407802,1,1,0,0
186,187,1,3,0.0,1,0,0.04529311897997366,0,0,1,2
187,188,1,1,1.3076923076923077,0,0,0.5238635576190146,1,1,0,0
188,189,0,3,0.9230769230769231,1,1,0.04529311897997366,1,0,2,2
189,190,0,3,0.6153846153846154,0,0,-0.2840412999792114,1,1,0,0
190,191,1,2,0.3076923076923077,0,0,-0.06298073591573695,0,1,0,0
191,192,0,2,-0.6923076923076923,0,0,-0.06298073591573695,1,1,0,0
192,193,1,3,-0.6923076923076923,1,0,-0.2858429769246761,0,0,1,0
193,194,1,2,-1.9230769230769231,1,1,0.5000433095419583,1,0,2,0
194,195,1,1,1.2307692307692308,0,0,0.5745703693437738,0,1,0,1
195,196,1,1,2.3076923076923075,0,0,5.719743953987942,0,1,0,1
196,197,0,3,0.0,0,0,-0.29035583119672925,1,1,0,2
197,198,0,3,1.0769230769230769,0,1,-0.26202272884761973,1,0,1,0
198,199,1,3,0.0,0,0,-0.29035583119672925,0,1,0,2
199,200,0,2,-0.3076923076923077,0,0,-0.06298073591573695,0,1,0,0
200,201,0,3,0.0,0,0,-0.21456413276973182,1,1,0,0
201,202,0,3,0.0,8,2,2.3861738618252373,1,0,10,0
202,203,0,3,0.46153846153846156,0,0,-0.3446746587208094,1,1,0,0
203,204,0,3,1.3461538461538463,0,0,-0.31309334072482853,1,1,0,1
204,205,1,3,-0.7692307692307693,0,0,-0.277362968609244,1,1,0,0
205,206,0,3,-2.0,0,1,-0.17287869863488323,0,0,1,0
206,207,0,3,0.3076923076923077,1,0,0.06045145866537313,1,0,1,0
207,208,1,3,-0.15384615384615385,0,0,0.18767323816783318,1,1,0,1
208,209,1,3,-0.9230769230769231,0,0,-0.29035583119672925,0,1,0,2
209,210,1,1,0.9230769230769231,0,0,0.7165910193333795,1,1,0,1
210,211,0,3,-0.3076923076923077,0,0,-0.32067251056752827,1,1,0,0
211,212,1,2,0.5384615384615384,0,0,0.283495599750537,0,1,0,0
212,213,0,3,-0.46153846153846156,0,0,-0.3120106021758714,1,1,0,0
213,214,0,2,0.15384615384615385,0,0,-0.06298073591573695,1,1,0,0
214,215,0,3,0.0,1,0,-0.29035583119672925,1,0,1,2
215,216,1,1,0.23076923076923078,1,0,4.279883583951216,0,0,1,1
216,217,1,3,-0.07692307692307693,0,0,-0.2827766613540295,0,1,0,0
217,218,0,2,1.0769230769230769,1,0,0.5433528515002425,1,0,1,0
218,219,1,1,0.3076923076923077,0,0,2.6781538008454024,0,1,0,1
219,220,0,2,0.15384615384615385,0,0,-0.1712545908114476,1,1,0,0
220,221,1,3,-0.9230769230769231,0,0,-0.277362968609244,1,1,0,0
221,222,0,2,-0.07692307692307693,0,0,-0.06298073591573695,1,1,0,0
222,223,0,3,1.7692307692307692,0,0,-0.277362968609244,1,1,0,0
223,224,0,3,0.0,0,0,-0.2840412999792114,1,1,0,0
224,225,1,1,0.7692307692307693,1,0,3.27185399487215,1,0,1,0
225,226,0,3,-0.46153846153846156,0,0,-0.2210605640634745,1,1,0,0
226,227,1,2,-0.6923076923076923,0,0,-0.1712545908114476,1,1,0,0
227,228,0,3,-0.5769230769230769,0,0,-0.3120106021758714,1,1,0,0
228,229,0,2,-0.7692307692307693,0,0,-0.06298073591573695,1,1,0,0
229,230,0,3,0.0,3,1,0.4769463308156052,0,0,4,0
230,231,1,1,0.5384615384615384,1,0,2.9892592335943453,0,0,1,0
231,232,0,3,0.07692307692307693,0,0,-0.2892730926477721,1,1,0,0
232,233,0,2,2.3846153846153846,0,0,-0.041325964936594836,1,1,0,0
233,234,1,3,-1.7692307692307692,4,2,0.7333734668422146,0,0,6,0
234,235,0,2,-0.3076923076923077,0,0,-0.1712545908114476,1,1,0,0
235,236,0,3,0.0,0,0,-0.2990177395883861,0,1,0,0
236,237,0,2,1.2307692307692308,1,0,0.5000433095419583,1,0,1,0
237,238,1,2,-1.5384615384615385,0,2,0.5108706950315294,0,0,2,0
238,239,0,2,-0.6923076923076923,0,0,-0.1712545908114476,1,1,0,0
239,240,0,2,0.38461538461538464,0,0,-0.09438015383549303,1,1,0,0
240,241,0,3,0.0,1,0,0.0,0,0,1,1
241,242,1,3,0.0,1,0,0.04529311897997366,0,0,1,2
242,243,0,2,0.07692307692307693,0,0,-0.1712545908114476,1,1,0,0
243,244,0,3,-0.46153846153846156,0,0,-0.31742429492065694,1,1,0,0
244,245,0,3,0.15384615384615385,0,0,-0.31309334072482853,1,1,0,1
245,246,0,1,1.2307692307692308,2,0,3.27185399487215,1,0,2,2
246,247,0,3,-0.23076923076923078,0,0,-0.2892730926477721,0,1,0,0
247,248,1,2,-0.3076923076923077,0,2,0.001983577021689412,0,0,2,0
248,249,1,1,0.6923076923076923,1,1,1.6500935486106298,1,0,2,0
249,250,0,2,2.0,1,0,0.5000433095419583,1,0,1,0
250,251,0,3,0.0,0,0,-0.3120106021758714,1,1,0,0
251,252,0,3,0.07692307692307693,1,1,-0.17287869863488323,0,0,2,0
252,253,0,1,2.6153846153846154,0,0,0.5238635576190146,1,1,0,0
253,254,0,3,0.15384615384615385,1,0,0.07127884415494427,1,0,1,0
254,255,0,3,1.0,0,2,0.24938933545838812,0,0,2,0
255,256,1,3,0.07692307692307693,0,2,0.03428383341417777,0,0,2,1
256,257,1,1,0.0,0,0,2.8041109417226804,0,1,0,1
257,258,1,1,0.15384615384615385,0,0,3.120270598018155,0,1,0,0
258,259,1,1,0.5384615384615384,0,0,21.56273820248077,0,1,0,1
259,260,1,2,1.6923076923076923,0,1,0.5000433095419583,0,0,1,0
260,261,0,3,0.0,0,0,-0.29035583119672925,1,1,0,2
261,262,1,3,-1.9230769230769231,4,2,0.7333734668422146,1,0,6,0
262,263,0,1,1.8461538461538463,1,1,2.8236002356039083,1,0,2,0
263,264,0,1,0.9230769230769231,0,0,-0.6260047813734322,1,1,0,0
264,265,0,3,0.0,0,0,-0.29035583119672925,0,1,0,2
265,266,0,2,0.6153846153846154,0,0,-0.1712545908114476,1,1,0,0
266,267,0,3,-0.9230769230769231,4,1,1.092842665095974,1,0,5,0
267,268,1,3,-0.23076923076923078,1,0,-0.2892730926477721,1,0,1,0
268,269,1,1,2.3076923076923075,0,1,6.020385801399765,0,0,1,0
269,270,1,1,0.5384615384615384,0,0,5.248211315917122,0,1,0,0
270,271,0,1,0.0,0,0,0.7165910193333795,1,1,0,0
271,272,1,3,-0.23076923076923078,0,0,-0.6260047813734322,1,1,0,0
272,273,1,2,1.0,0,1,0.21853128681311065,0,0,1,0
273,274,0,1,0.6923076923076923,0,1,0.6602886147876099,1,0,1,1
274,275,1,3,0.0,0,0,-0.29035583119672925,0,1,0,2
275,276,1,1,2.6923076923076925,1,0,2.7503334834730784,0,0,1,0
276,277,0,3,1.3076923076923077,0,0,-0.29035583119672925,0,1,0,0
277,278,0,2,0.0,0,0,-0.6260047813734322,1,1,0,0
278,279,0,3,-1.6153846153846154,4,1,0.6353856281615965,1,0,5,2
279,280,1,3,0.5384615384615384,1,1,0.25101344328182384,0,0,2,0
280,281,0,3,2.8461538461538463,0,0,-0.29035583119672925,1,1,0,2
281,282,0,3,0.0,0,0,-0.2858429769246761,1,1,0,0
282,283,0,3,-0.9230769230769231,0,0,-0.21456413276973182,1,1,0,0
283,284,1,3,-0.6923076923076923,0,0,-0.277362968609244,1,1,0,0
284,285,0,1,0.0,0,0,0.5000433095419583,1,1,0,0
285,286,0,3,0.38461538461538464,0,0,-0.2508358741597949,1,1,0,1
286,287,1,3,0.15384615384615385,0,0,-0.21456413276973182,1,1,0,0
287,288,0,3,-0.46153846153846156,0,0,-0.2840412999792114,1,1,0,0
288,289,1,2,1.0769230769230769,0,0,-0.06298073591573695,1,1,0,0
289,290,1,3,-0.46153846153846156,0,0,-0.29035583119672925,0,1,0,2
290,291,1,1,-0.15384615384615385,0,0,2.7889526020372806,0,1,0,0
291,292,1,1,-0.6923076923076923,1,0,3.3185936525535307,0,0,1,1
292,293,0,2,0.6153846153846154,0,0,-0.06839442866052249,1,1,0,1
293,294,0,3,-0.3076923076923077,0,0,-0.2427153350426166,0,1,0,0
294,295,0,3,-0.3076923076923077,0,0,-0.2840412999792114,1,1,0,0
295,296,0,1,0.0,0,0,0.5745703693437738,1,1,0,1
296,297,0,3,-0.34615384615384615,0,0,-0.3129114406486037,1,1,0,1
297,298,0,1,-2.0,1,2,5.937556302404546,0,0,3,0
298,299,1,1,0.0,0,0,0.6949362483542374,1,1,0,0
299,300,1,1,1.6923076923076923,0,1,10.094007691774651,0,0,1,1
300,301,1,3,0.0,0,0,-0.29035583119672925,0,1,0,2
301,302,1,3,0.0,2,0,0.38094206915667655,1,0,2,2
302,303,0,3,-0.6923076923076923,0,0,-0.6260047813734322,1,1,0,0
303,304,1,2,0.0,0,0,-0.09113193818862174,0,1,0,2
304,305,0,3,0.0,0,0,-0.277362968609244,1,1,0,0
305,306,1,1,-2.083076923076923,1,2,5.937556302404546,1,0,3,0
306,307,1,1,0.0,0,0,4.1763001524495875,0,1,0,1
307,308,1,1,-0.8461538461538461,1,0,4.090404337883722,0,0,1,1
308,309,0,2,0.15384615384615385,1,0,0.4134242256253898,1,0,1,1
309,310,1,1,0.15384615384615385,0,0,1.8395727946781235,0,1,0,1
310,311,1,1,-0.3076923076923077,0,0,2.9755431016561564,0,1,0,1
311,312,1,1,-0.7692307692307693,2,2,10.737336289931397,0,0,4,1
312,313,0,2,-0.15384615384615385,1,1,0.5000433095419583,0,0,2,0
313,314,0,3,0.0,0,0,-0.2840412999792114,1,1,0,0
314,315,0,2,1.1538461538461537,1,1,0.5108706950315294,1,0,2,0
315,316,1,3,-0.15384615384615385,0,0,-0.2858429769246761,0,1,0,0
316,317,1,2,-0.3076923076923077,1,0,0.5000433095419583,0,0,1,0
317,318,0,2,2.0,0,0,-0.01967119395745271,1,1,0,0
318,319,1,1,0.23076923076923078,0,2,6.51429647980043,0,0,2,0
319,320,1,1,0.9230769230769231,1,1,5.199128612015799,0,0,2,1
320,321,0,3,-0.46153846153846156,0,0,-0.3120106021758714,1,1,0,0
321,322,0,3,-0.07692307692307693,0,0,-0.2840412999792114,1,1,0,0
322,323,1,2,0.15384615384615385,0,0,-0.09113193818862174,0,1,0,2
323,324,1,2,-0.46153846153846156,1,1,0.629971935416811,0,0,2,0
324,325,0,3,0.0,8,2,2.3861738618252373,1,0,10,0
325,326,1,1,0.6153846153846154,0,0,5.248211315917122,0,1,0,1
326,327,0,3,2.5384615384615383,0,0,-0.35586151340863414,1,1,0,0
327,328,1,2,0.6153846153846154,0,0,-0.06298073591573695,0,1,0,0
328,329,1,3,0.23076923076923078,1,1,0.26292356732035194,0,0,2,0
329,330,1,1,-0.9230769230769231,0,1,1.8850478137343218,0,0,1,1
330,331,1,3,0.0,2,0,0.38094206915667655,0,0,2,2
331,332,0,1,1.3461538461538463,0,0,0.6083171644376689,1,1,0,0
332,333,0,1,0.7692307692307693,0,1,6.020385801399765,1,0,1,0
333,334,0,3,-0.9230769230769231,2,0,0.15356697387568427,1,0,2,0
334,335,1,1,0.0,1,0,5.162315501351258,0,0,1,0
335,336,0,3,0.0,0,0,-0.2840412999792114,1,1,0,0
336,337,0,1,0.07692307692307693,1,0,2.2584107130482987,1,0,1,0
337,338,1,1,1.0,0,0,5.199128612015799,0,1,0,1
338,339,1,3,1.3076923076923077,0,0,-0.277362968609244,1,1,0,0
339,340,0,1,1.3076923076923077,0,0,0.9114839581456586,1,1,0,0
340,341,1,2,-2.0,1,1,0.5000433095419583,1,0,2,0
341,342,1,1,-0.3076923076923077,3,2,10.764404753655324,0,0,5,0
342,343,0,2,0.0,0,0,-0.06298073591573695,1,1,0,0
343,344,0,2,-0.23076923076923078,0,0,-0.06298073591573695,1,1,0,0
344,345,0,2,0.6153846153846154,0,0,-0.06298073591573695,1,1,0,0
345,346,1,2,-0.3076923076923077,0,0,-0.06298073591573695,0,1,0,0
346,347,1,2,0.9230769230769231,0,0,-0.06298073591573695,0,1,0,0
347,348,1,3,0.0,1,0,0.07127884415494427,0,0,1,0
348,349,1,3,-1.9230769230769231,1,1,0.06261693576328738,1,0,2,0
349,350,0,3,1.0769230769230769,0,0,-0.2508358741597949,1,1,0,0
350,351,0,3,-0.38461538461538464,0,0,-0.22647425680826,1,1,0,0
351,352,0,1,0.0,0,0,0.8898291871665165,1,1,0,0
352,353,0,3,-1.0,1,1,-0.3129114406486037,1,0,2,1
353,354,0,3,-0.23076923076923078,1,0,0.14490506548402746,1,0,1,0
354,355,0,3,0.0,0,0,-0.31309334072482853,1,1,0,1
355,356,0,3,0.0,0,0,-0.21456413276973182,1,1,0,0
356,357,1,1,-0.46153846153846156,0,1,1.7560200263322014,0,0,1,0
357,358,0,2,0.7692307692307693,0,0,-0.06298073591573695,0,1,0,0
358,359,1,3,0.0,0,0,-0.28476023837571895,0,1,0,2
359,360,1,3,0.0,0,0,-0.28476023837571895,0,1,0,2
360,361,0,3,0.9230769230769231,1,4,0.5823314392626983,1,0,5,0
361,362,0,2,0.07692307692307693,1,0,0.5745703693437738,1,0,1,1
362,363,0,3,1.3076923076923077,0,1,0.0,0,0,1,1
363,364,0,3,0.5384615384615384,0,0,-0.32067251056752827,1,1,0,0
364,365,0,3,0.0,1,0,0.04529311897997366,1,0,1,2
365,366,0,3,0.15384615384615385,0,0,-0.3120106021758714,1,1,0,0
366,367,1,1,2.4615384615384617,1,0,2.6330382509874575,0,0,1,1
367,368,1,3,0.0,0,0,-0.3129114406486037,0,1,0,1
368,369,1,3,0.0,0,0,-0.29035583119672925,0,1,0,2
369,370,1,1,-0.3076923076923077,0,0,2.375346476335666,0,1,0,1
370,371,1,1,-0.23076923076923078,1,0,1.7751498510151755,1,0,1,1
371,372,0,3,-0.7692307692307693,1,0,-0.3446746587208094,1,0,1,0
372,373,0,3,-0.6923076923076923,0,0,-0.277362968609244,1,1,0,0
373,374,0,1,-0.46153846153846156,0,0,5.248211315917122,1,1,0,1
374,375,0,3,-1.9230769230769231,3,1,0.2867438153974083,0,0,4,0
375,376,1,1,0.0,1,0,2.9327749289723513,0,0,1,1
376,377,1,3,-0.46153846153846156,0,0,-0.3120106021758714,0,1,0,0
377,378,0,1,-0.07692307692307693,0,2,8.533963342803686,1,0,2,1
378,379,0,3,-0.6153846153846154,0,0,-0.4522252442658167,1,1,0,1
379,380,0,3,-0.6923076923076923,0,0,-0.2892730926477721,1,1,0,0
380,381,1,1,1.0769230769230769,0,0,9.227998752685192,0,1,0,1
381,382,1,3,-2.076923076923077,0,2,0.055761035271290955,0,0,2,1
382,383,0,3,0.3076923076923077,0,0,-0.2827766613540295,1,1,0,0
383,384,1,1,0.5384615384615384,1,0,1.6260914004573488,0,0,1,0
384,385,0,3,0.0,0,0,-0.2840412999792114,1,1,0,0
385,386,0,2,-0.7692307692307693,0,0,2.55724655256046,1,1,0,0
386,387,0,3,-2.076923076923077,5,2,1.405212736470099,1,0,7,0
387,388,1,2,0.6153846153846154,0,0,-0.06298073591573695,0,1,0,0
388,389,0,3,0.0,0,0,-0.29125666966946157,1,1,0,2
389,390,1,2,-0.8461538461538461,0,0,-0.1062902778740212,0,1,0,1
390,391,1,1,0.6153846153846154,1,2,4.571140253620677,1,0,3,0
391,392,1,3,-0.5384615384615384,0,0,-0.28837225417503987,1,1,0,0
392,393,0,3,0.0,2,0,-0.2827766613540295,1,0,2,0
393,394,1,1,-0.38461538461538464,1,0,4.279883583951216,0,0,1,1
394,395,1,3,-0.3076923076923077,0,2,0.09726456932991473,0,0,2,0
395,396,0,3,-0.46153846153846156,0,0,-0.28837225417503987,1,1,0,0
396,397,0,3,0.23076923076923078,0,0,-0.2858429769246761,0,1,0,0
397,398,0,2,1.3846153846153846,0,0,0.5000433095419583,1,1,0,0
398,399,0,2,-0.38461538461538464,0,0,-0.1712545908114476,1,1,0,0
399,400,1,2,0.0,0,0,-0.07813907560113643,0,1,0,0
400,401,1,3,0.8461538461538461,0,0,-0.2827766613540295,1,1,0,0
401,402,0,3,-0.15384615384615385,0,0,-0.277362968609244,1,1,0,0
402,403,0,3,-0.5384615384615384,1,0,-0.20048853163328947,0,0,1,0
403,404,0,3,0.0,1,0,0.06045145866537313,1,0,1,0
404,405,0,3,-0.6153846153846154,0,0,-0.2508358741597949,0,1,0,0
405,406,0,2,0.46153846153846156,1,0,0.283495599750537,1,0,1,0
406,407,0,3,1.7692307692307692,0,0,-0.29035583119672925,1,1,0,0
407,408,1,2,-1.9230769230769231,1,1,0.18604913034439746,1,0,2,0
408,409,0,3,-0.5384615384615384,0,0,-0.2892730926477721,1,1,0,0
409,410,0,3,0.0,3,1,0.4769463308156052,0,0,4,0
410,411,0,3,0.0,0,0,-0.2840412999792114,1,1,0,0
411,412,0,3,0.0,0,0,-0.32897494976093133,1,1,0,2
412,413,1,1,0.38461538461538464,1,0,3.27185399487215,0,0,1,2
413,414,0,2,0.0,0,0,-0.6260047813734322,1,1,0,0
414,415,1,3,1.2307692307692308,0,0,-0.2827766613540295,1,1,0,0
415,416,0,3,0.0,0,0,-0.277362968609244,0,1,0,0
416,417,1,2,0.46153846153846156,1,1,0.7815553322708059,0,0,2,0
417,418,1,2,-0.7692307692307693,0,2,-0.06298073591573695,0,0,2,0
418,419,0,2,0.15384615384615385,0,0,-0.06298073591573695,1,1,0,0
419,420,0,3,-1.3846153846153846,0,2,0.41992065691913233,0,0,2,0
420,421,0,3,0.0,0,0,-0.2840412999792114,1,1,0,1
421,422,0,3,-0.5384615384615384,0,0,-0.29107910054743263,1,1,0,2
422,423,0,3,0.07692307692307693,0,0,-0.2849421384519437,1,1,0,0
423,424,0,3,0.0,1,1,-0.002347377174138998,0,0,2,0
424,425,0,3,-0.7692307692307693,1,1,0.24938933545838812,1,0,2,0
425,426,0,3,0.0,0,0,-0.3120106021758714,1,1,0,0
426,427,1,2,0.0,1,0,0.5000433095419583,0,0,1,0
427,428,1,2,-0.6923076923076923,0,0,0.5000433095419583,0,1,0,0
428,429,0,3,0.0,0,0,-0.29035583119672925,1,1,0,2
429,430,1,3,0.3076923076923077,0,0,-0.277362968609244,1,1,0,0
430,431,1,1,0.0,0,0,0.5238635576190146,1,1,0,0
431,432,1,3,0.0,1,0,0.07127884415494427,0,0,1,0
432,433,1,2,1.0769230769230769,1,0,0.5000433095419583,0,0,1,0
433,434,0,3,-0.8461538461538461,0,0,-0.31742429492065694,1,1,0,0
434,435,0,1,1.6923076923076923,1,0,1.7949986140946572,1,0,1,0
435,436,1,1,-1.0769230769230769,1,2,4.571140253620677,0,0,3,0
436,437,0,3,-0.5384615384615384,2,2,0.8627607234425888,0,0,4,0
437,438,1,2,-0.3076923076923077,2,3,0.18604913034439746,0,0,5,0
438,439,0,1,2.769230769230769,1,4,10.764404753655324,1,0,5,0
439,440,0,2,0.23076923076923078,0,0,-0.1712545908114476,1,1,0,0
440,441,1,2,1.3076923076923077,1,1,0.5108706950315294,0,0,2,0
441,442,0,3,-0.6153846153846154,0,0,-0.21456413276973182,1,1,0,0
442,443,0,3,-0.23076923076923078,1,0,-0.2892730926477721,1,0,1,0
443,444,1,2,0.0,0,0,-0.06298073591573695,0,1,0,0
444,445,1,3,0.0,0,0,-0.2746561222368512,1,1,0,0
445,446,1,1,-1.8461538461538463,0,2,2.919240697110387,1,0,2,0
446,447,1,2,-1.1538461538461537,0,1,0.21853128681311065,0,0,1,0
447,448,1,1,0.46153846153846156,0,0,0.5238635576190146,1,1,0,0
448,449,1,3,-1.7692307692307692,2,1,0.20806337052179327,0,0,3,1
449,450,1,1,1.8461538461538463,0,0,0.6949362483542374,1,1,0,0
450,451,0,2,0.6153846153846154,1,2,0.5758350079689557,1,0,3,0
451,452,0,3,0.0,1,0,0.2387438500450419,1,0,1,0
452,453,0,1,0.15384615384615385,0,0,0.5758350079689557,1,1,0,1
453,454,1,1,1.6153846153846154,1,0,3.2330573071859194,1,0,1,1
454,455,0,3,0.0,0,0,-0.277362968609244,1,1,0,0
455,456,1,3,0.07692307692307693,0,0,-0.2840412999792114,1,1,0,1
456,457,0,1,2.8461538461538463,0,0,0.5238635576190146,1,1,0,0
457,458,1,1,0.0,1,0,1.6201363384380845,0,0,1,0
458,459,1,2,1.6923076923076923,0,0,-0.1712545908114476,0,1,0,0
459,460,0,3,0.0,0,0,-0.29035583119672925,1,1,0,2
460,461,1,1,1.5384615384615385,0,0,0.5238635576190146,1,1,0,0
461,462,0,3,0.46153846153846156,0,0,-0.277362968609244,1,1,0,0
462,463,0,1,1.4615384615384615,0,0,1.0414125840205113,1,1,0,0
463,464,0,2,1.5384615384615385,0,0,-0.06298073591573695,1,1,0,0
464,465,0,3,0.0,0,0,-0.277362968609244,1,1,0,0
465,466,0,3,0.7692307692307693,0,0,-0.32067251056752827,1,1,0,0
466,467,0,2,0.0,0,0,-0.6260047813734322,1,1,0,0
467,468,0,1,2.1538461538461537,0,0,0.5238635576190146,1,1,0,0
468,469,0,3,0.0,0,0,-0.2914385697456864,1,1,0,2
469,470,1,3,-2.0961538461538463,2,1,0.20806337052179327,0,0,3,1
470,471,0,3,0.0,0,0,-0.3120106021758714,1,1,0,0
471,472,0,3,0.7692307692307693,0,0,-0.2508358741597949,1,1,0,0
472,473,1,2,0.38461538461538464,1,2,0.5758350079689557,0,0,3,0
473,474,1,2,-0.38461538461538464,0,0,-0.028692571547363297,0,1,0,1
474,475,0,3,-0.46153846153846156,0,0,-0.19994716235881088,0,1,0,0
475,476,0,1,0.0,0,0,1.6260914004573488,1,1,0,0
476,477,0,2,0.46153846153846156,1,0,0.283495599750537,1,0,1,0
477,478,0,3,0.07692307692307693,1,0,-0.32085441064375303,1,0,1,0
478,479,0,3,-0.46153846153846156,0,0,-0.300282378213568,1,1,0,0
479,480,1,3,-2.0,0,1,-0.09383878456101451,0,0,1,0
480,481,0,3,-1.4615384615384615,5,2,1.405212736470099,1,0,7,0
481,482,0,2,0.0,0,0,-0.6260047813734322,1,1,0,0
482,483,0,3,1.6923076923076923,0,0,-0.277362968609244,1,1,0,0
483,484,1,3,2.6923076923076925,0,0,-0.21077454784838193,0,1,0,0
484,485,1,1,-0.23076923076923078,1,0,3.3185936525535307,1,0,1,1
485,486,0,3,0.0,3,1,0.4769463308156052,0,0,4,0
486,487,1,1,0.5384615384615384,1,0,3.27185399487215,0,0,1,0
487,488,0,1,2.3076923076923075,0,0,0.6602886147876099,1,1,0,1
488,489,0,3,0.15384615384615385,0,0,-0.277362968609244,1,1,0,0
489,490,1,3,-1.4615384615384615,1,1,0.06261693576328738,1,0,2,0
490,491,0,3,0.0,1,0,0.2387438500450419,1,0,1,0
491,492,0,3,-0.5384615384615384,0,0,-0.3120106021758714,1,1,0,0
492,493,0,1,2.076923076923077,0,0,0.6949362483542374,1,1,0,0
493,494,0,1,3.3076923076923075,0,0,1.5179994456378627,1,1,0,1
494,495,0,3,-0.5384615384615384,0,0,-0.277362968609244,1,1,0,0
495,496,0,3,0.0,0,0,0.00017756912202893625,1,1,0,1
496,497,1,1,2.0,1,0,2.7636901462130137,0,0,1,1
497,498,0,3,0.0,0,0,0.027969302196659943,1,1,0,0
498,499,0,1,-0.23076923076923078,1,2,5.937556302404546,0,0,3,0
499,500,0,3,-0.3076923076923077,0,0,-0.28837225417503987,1,1,0,0
500,501,0,3,-0.8461538461538461,0,0,-0.2508358741597949,1,1,0,0
501,502,0,3,-0.5384615384615384,0,0,-0.29035583119672925,0,1,0,2
502,503,0,3,0.0,0,0,-0.29558762386529,0,1,0,2
503,504,0,3,0.6923076923076923,0,0,-0.21077454784838193,0,1,0,0
504,505,1,1,-0.9230769230769231,0,0,3.120270598018155,0,1,0,0
505,506,0,1,-0.7692307692307693,1,0,4.090404337883722,1,0,1,1
506,507,1,2,0.38461538461538464,0,2,0.5000433095419583,0,0,2,0
507,508,1,1,0.0,0,0,0.5238635576190146,1,1,0,0
508,509,0,3,0.0,0,0,0.34954265123692047,1,1,0,0
509,510,1,3,-0.15384615384615385,0,0,1.8208024391934032,1,1,0,0
510,511,1,3,0.07692307692307693,0,0,-0.29035583119672925,1,1,0,2
511,512,0,3,0.0,0,0,-0.277362968609244,1,1,0,0
512,513,1,1,0.6153846153846154,0,0,0.5124948028549651,1,1,0,0
513,514,1,1,2.0,1,0,1.946582010948652,0,0,1,1
514,515,0,3,-0.3076923076923077,0,0,-0.30136511676252514,1,1,0,0
515,516,0,1,1.4615384615384615,0,0,0.8474204836809646,1,1,0,0
516,517,1,2,0.46153846153846156,0,0,-0.1712545908114476,0,1,0,0
517,518,0,3,0.0,0,0,0.41992065691913233,1,1,0,2
518,519,1,2,0.6153846153846154,1,0,0.5000433095419583,0,0,1,0
519,520,0,3,0.3076923076923077,0,0,-0.2840412999792114,1,1,0,0
520,521,1,1,0.15384615384615385,0,0,3.423437391726145,0,1,0,0
521,522,0,3,-0.46153846153846156,0,0,-0.2840412999792114,1,1,0,0
522,523,0,3,0.0,0,0,-0.31309334072482853,1,1,0,1
523,524,1,1,1.2307692307692308,0,1,1.8850478137343218,0,0,1,1
524,525,0,3,0.0,0,0,-0.3129114406486037,1,1,0,1
525,526,0,3,0.9615384615384616,0,0,-0.29035583119672925,1,1,0,2
526,527,1,2,1.6923076923076923,0,0,-0.1712545908114476,0,1,0,0
527,528,0,1,0.0,0,0,8.97915078650128,1,1,0,0
528,529,0,3,0.8461538461538461,0,0,-0.2827766613540295,1,1,0,0
529,530,0,2,-0.38461538461538464,2,1,-0.12794504885316332,1,0,3,0
530,531,1,2,-2.0,1,1,0.5000433095419583,0,0,2,0
531,532,0,3,0.0,0,0,-0.3129114406486037,1,1,0,1
532,533,0,3,-0.8461538461538461,1,1,-0.3129114406486037,1,0,2,1
533,534,1,3,0.0,0,2,0.34232295059247453,0,0,2,1
534,535,0,3,0.15384615384615385,0,0,-0.2508358741597949,0,1,0,0
535,536,1,2,-1.6153846153846154,0,2,0.5108706950315294,0,0,2,0
536,537,0,1,1.3076923076923077,0,0,0.5238635576190146,1,1,0,0
537,538,1,1,0.15384615384615385,0,0,3.983213221536969,0,1,0,1
538,539,0,3,0.0,0,0,0.001983577021689412,1,1,0,0
539,540,1,1,-0.46153846153846156,0,2,1.517817545561638,0,0,2,1
540,541,1,1,0.6153846153846154,0,2,2.4489726976647495,0,0,2,0
541,542,0,3,-1.4615384615384615,4,2,0.7285011433719076,0,0,6,0
542,543,0,3,-1.3076923076923077,4,2,0.7285011433719076,0,0,6,0
543,544,1,2,0.3076923076923077,1,0,0.5000433095419583,1,0,1,0
544,545,0,1,1.6923076923076923,1,0,3.983213221536969,1,0,1,1
545,546,0,1,2.769230769230769,0,0,0.5000433095419583,1,1,0,0
546,547,1,2,-0.6923076923076923,1,0,0.5000433095419583,0,0,1,0
547,548,1,2,0.0,0,0,-0.025626255976716767,1,1,0,1
548,549,0,3,0.38461538461538464,1,1,0.26292356732035194,1,0,2,0
549,550,1,2,-1.5384615384615385,1,1,0.9656208855935139,1,0,2,0
550,551,1,1,-0.8461538461538461,0,2,4.1763001524495875,1,0,2,1
551,552,0,2,-0.07692307692307693,0,0,0.5000433095419583,1,1,0,0
552,553,0,3,0.0,0,0,-0.28692571547363316,1,1,0,2
553,554,1,3,-0.46153846153846156,0,0,-0.31309334072482853,1,1,0,1
554,555,1,3,-0.46153846153846156,0,0,-0.2892730926477721,0,1,0,0
555,556,0,1,2.6153846153846154,0,0,0.5238635576190146,1,1,0,0
556,557,1,1,1.5384615384615385,1,0,1.089053080174624,0,0,1,1
557,558,0,1,0.0,0,0,9.227998752685192,1,1,0,1
558,559,1,1,0.8461538461538461,1,1,2.8236002356039083,0,0,2,0
559,560,1,3,0.6153846153846154,1,0,0.12758124870071366,0,0,1,0
560,561,0,3,0.0,0,0,-0.29035583119672925,1,1,0,2
561,562,0,3,0.9230769230769231,0,0,-0.2840412999792114,1,1,0,0
562,563,0,2,0.0,0,0,-0.041325964936594836,1,1,0,0
563,564,0,3,0.0,0,0,-0.277362968609244,1,1,0,0
564,565,0,3,0.0,0,0,-0.277362968609244,0,1,0,0
565,566,0,3,-0.3076923076923077,2,0,0.41992065691913233,1,0,2,0
566,567,0,3,-0.6923076923076923,0,0,-0.2840412999792114,1,1,0,0
567,568,0,3,0.07692307692307693,0,4,0.2867438153974083,0,0,4,0
568,569,0,3,0.0,0,0,-0.3129114406486037,1,1,0,1
569,570,1,3,0.3076923076923077,0,0,-0.2858429769246761,1,1,0,0
570,571,1,2,2.6153846153846154,0,0,-0.1712545908114476,1,1,0,0
571,572,1,1,1.9230769230769231,2,0,1.6035357910054742,0,0,2,0
572,573,1,1,0.6153846153846154,0,0,0.5168257570507934,1,1,0,0
573,574,1,3,0.0,0,0,-0.29035583119672925,0,1,0,2
574,575,0,3,-0.9230769230769231,0,0,-0.277362968609244,1,1,0,0
575,576,0,3,-0.6923076923076923,0,0,0.001983577021689412,1,1,0,0
576,577,1,2,0.46153846153846156,0,0,-0.06298073591573695,0,1,0,0
577,578,1,1,0.8461538461538461,1,0,1.7949986140946572,0,0,1,0
578,579,0,3,0.0,1,0,0.00017756912202893625,0,0,1,1
579,580,1,3,0.3076923076923077,0,0,-0.2827766613540295,1,1,0,0
580,581,1,2,-0.23076923076923078,1,1,0.6732814773750952,0,0,2,0
581,582,1,1,0.8461538461538461,1,1,4.1763001524495875,0,0,2,1
582,583,0,2,2.0,0,0,0.5000433095419583,1,1,0,0
583,584,0,1,0.6153846153846154,0,0,1.1117905897027232,1,1,0,1
584,585,0,3,0.0,0,0,-0.24867039706188065,1,1,0,1
585,586,1,1,-0.7692307692307693,0,2,2.8236002356039083,0,0,2,0
586,587,0,2,1.4615384615384615,0,0,0.023638348000831536,1,1,0,0
587,588,1,1,2.4615384615384617,1,1,2.8041109417226804,1,0,2,1
588,589,0,3,-0.46153846153846156,0,0,-0.277362968609244,1,1,0,0
589,590,0,3,0.0,0,0,-0.277362968609244,1,1,0,0
590,591,0,3,0.5384615384615384,0,0,-0.31742429492065694,1,1,0,0
591,592,1,1,1.8461538461538463,1,0,2.7636901462130137,0,0,1,1
592,593,0,3,1.4615384615384615,0,0,-0.3120106021758714,1,1,0,0
593,594,0,3,0.0,0,2,-0.29035583119672925,0,0,2,2
594,595,0,2,0.6923076923076923,1,0,0.5000433095419583,1,0,1,0
595,596,0,3,0.6153846153846154,1,1,0.41992065691913233,1,0,2,0
596,597,1,2,0.0,0,0,0.803210103249948,0,1,0,0
597,598,0,3,1.6153846153846154,0,0,-0.6260047813734322,1,1,0,0
598,599,0,3,0.0,0,0,-0.31309334072482853,1,1,0,1
599,600,1,1,1.6153846153846154,1,0,1.8395727946781235,1,0,1,1
600,601,1,2,-0.3076923076923077,2,1,0.5433528515002425,0,0,3,0
601,602,0,3,0.0,0,0,-0.2840412999792114,1,1,0,0
602,603,0,1,0.0,0,0,1.21031979765782,1,1,0,0
603,604,0,3,1.2307692307692308,0,0,-0.277362968609244,1,1,0,0
604,605,1,1,0.5384615384615384,0,0,0.5238635576190146,1,1,0,1
605,606,0,3,0.6153846153846154,1,0,0.0474585960778879,1,0,1,0
606,607,0,3,0.15384615384615385,0,0,-0.2840412999792114,1,1,0,0
607,608,1,1,-0.07692307692307693,0,0,0.6949362483542374,1,1,0,0
608,609,1,2,-0.46153846153846156,1,2,1.1747713256184602,0,0,3,1
609,610,1,1,0.9230769230769231,0,0,6.020385801399765,0,1,0,0
610,611,0,3,0.8461538461538461,1,5,0.7285011433719076,0,0,6,0
611,612,0,3,0.0,0,0,-0.32067251056752827,1,1,0,0
612,613,1,3,0.0,1,0,0.04529311897997366,0,0,1,2
613,614,0,3,0.0,0,0,-0.29035583119672925,1,1,0,2
614,615,0,3,0.5384615384615384,0,0,-0.277362968609244,1,1,0,0
615,616,1,2,-0.3076923076923077,1,2,2.1891154459150437,0,0,3,0
616,617,0,3,0.46153846153846156,1,1,-0.002347377174138998,1,0,2,0
617,618,0,3,-0.15384615384615385,1,0,0.07127884415494427,0,0,1,0
618,619,1,2,-1.8461538461538463,2,1,1.0630673549996534,0,0,3,0
619,620,0,2,-0.15384615384615385,0,0,-0.1712545908114476,1,1,0,0
620,621,0,3,-0.07692307692307693,1,0,0.0,1,0,1,1
621,622,1,1,1.0769230769230769,1,0,1.6500935486106298,1,0,1,0
622,623,1,3,-0.6153846153846154,1,1,0.055761035271290955,1,0,2,1
623,624,0,3,-0.5384615384615384,0,0,-0.2858429769246761,1,1,0,0
624,625,0,3,-0.5384615384615384,0,0,0.07127884415494427,1,1,0,0
625,626,0,1,2.5384615384615383,0,0,0.7737942623518813,1,1,0,0
626,627,0,2,2.230769230769231,0,0,-0.09113193818862174,1,1,0,2
627,628,1,1,-0.5384615384615384,0,0,2.7503334834730784,0,1,0,0
628,629,0,3,-0.15384615384615385,0,0,-0.2840412999792114,1,1,0,0
629,630,0,3,0.0,0,0,-0.29107910054743263,1,1,0,2
630,631,1,1,4.0,0,0,0.6732814773750952,1,1,0,0
631,632,0,3,1.7692307692307692,0,0,-0.32049061049130345,1,1,0,0
632,633,1,1,0.3076923076923077,0,0,0.6949362483542374,1,1,0,1
633,634,0,1,0.0,0,0,-0.6260047813734322,1,1,0,0
634,635,0,3,-1.4615384615384615,3,2,0.5823314392626983,0,0,5,0
635,636,1,2,0.0,0,0,-0.06298073591573695,0,1,0,0
636,637,0,3,0.3076923076923077,0,0,-0.2827766613540295,1,1,0,0
637,638,0,2,0.23076923076923078,1,1,0.5108706950315294,1,0,2,0
638,639,0,3,1.0,0,5,1.092842665095974,0,0,5,0
639,640,0,3,0.0,1,0,0.07127884415494427,1,0,1,0
640,641,0,3,-0.6153846153846154,0,0,-0.2858429769246761,1,1,0,0
641,642,1,1,-0.3076923076923077,0,0,2.375346476335666,0,1,0,1
642,643,0,3,-2.0,3,2,0.5823314392626983,0,0,5,0
643,644,1,3,0.0,0,0,1.8208024391934032,1,1,0,0
644,645,1,3,-2.0961538461538463,2,1,0.20806337052179327,0,0,3,1
645,646,1,1,1.5384615384615385,1,0,2.6971017254521517,1,0,1,1
646,647,0,3,-0.6923076923076923,0,0,-0.2840412999792114,1,1,0,0
647,648,1,1,2.1538461538461537,0,0,0.9114839581456586,1,1,0,1
648,649,0,3,0.0,0,0,-0.2990177395883861,1,1,0,0
649,650,1,3,-0.38461538461538464,0,0,-0.2990177395883861,0,1,0,0
650,651,0,3,0.0,0,0,-0.2840412999792114,1,1,0,0
651,652,1,2,-0.7692307692307693,0,1,0.37011468366710554,0,0,1,0
652,653,0,3,-0.5384615384615384,0,0,-0.2607624211766337,1,1,0,0
653,654,1,3,0.0,0,0,-0.28692571547363316,0,1,0,2
654,655,0,3,-0.7692307692307693,0,0,-0.3336653731550135,0,1,0,2
655,656,0,2,-0.3076923076923077,2,0,2.55724655256046,1,0,2,0
656,657,0,3,0.0,0,0,-0.2840412999792114,1,1,0,0
657,658,0,3,0.3076923076923077,1,1,0.04529311897997366,0,0,2,2
658,659,0,2,-0.38461538461538464,0,0,-0.06298073591573695,1,1,0,0
659,660,0,1,2.3076923076923075,0,2,4.279883583951216,1,0,2,1
660,661,1,1,1.6923076923076923,2,0,5.162315501351258,1,0,2,0
661,662,0,3,0.9230769230769231,0,0,-0.31309334072482853,1,1,0,1
662,663,0,1,1.4615384615384615,0,0,0.48217812348416594,1,1,0,0
663,664,0,3,0.6153846153846154,0,0,-0.30136511676252514,1,1,0,0
664,665,1,3,-0.6153846153846154,1,0,-0.2827766613540295,1,0,1,0
665,666,0,2,0.3076923076923077,2,0,2.55724655256046,1,0,2,0
666,667,0,2,-0.23076923076923078,0,0,-0.06298073591573695,1,1,0,0
667,668,0,3,0.0,0,0,-0.2892730926477721,1,1,0,0
668,669,0,3,1.1538461538461537,0,0,-0.277362968609244,1,1,0,0
669,670,1,1,0.0,1,0,1.6260914004573488,0,0,1,0
670,671,1,2,0.9230769230769231,1,1,1.0630673549996534,0,0,2,0
671,672,0,1,0.23076923076923078,1,0,1.6260914004573488,1,0,1,0
672,673,0,2,3.230769230769231,0,0,-0.1712545908114476,1,1,0,0
673,674,1,2,0.23076923076923078,0,0,-0.06298073591573695,1,1,0,0
674,675,0,2,0.0,0,0,-0.6260047813734322,1,1,0,0
675,676,0,3,-0.7692307692307693,0,0,-0.2892730926477721,1,1,0,0
676,677,0,3,-0.2692307692307692,0,0,-0.277362968609244,1,1,0,0
677,678,1,3,-0.7692307692307693,0,0,-0.19976526228258612,0,1,0,0
678,679,0,3,1.1538461538461537,1,6,1.405212736470099,0,0,7,0
679,680,1,1,0.6153846153846154,0,1,21.56273820248077,1,0,1,1
680,681,0,3,0.0,0,0,-0.27357338368789413,0,1,0,2
681,682,1,1,-0.07692307692307693,0,0,2.6971017254521517,1,1,0,1
682,683,0,3,-0.6153846153846154,0,0,-0.22647425680826,1,1,0,0
683,684,0,3,-1.0769230769230769,5,2,1.405212736470099,1,0,7,0
684,685,0,2,2.4615384615384617,1,1,1.0630673549996534,1,0,2,0
685,686,0,2,-0.23076923076923078,1,2,1.1747713256184602,1,0,3,1
686,687,0,3,-1.0769230769230769,4,1,1.092842665095974,1,0,5,0
687,688,0,3,-0.6923076923076923,0,0,-0.18551209202411476,1,1,0,0
688,689,0,3,-0.7692307692307693,0,0,-0.28837225417503987,1,1,0,0
689,690,1,1,-1.0,0,1,8.526925542235466,0,0,1,0
690,691,1,1,0.23076923076923078,1,0,1.84263911024877,1,0,1,0
691,692,1,3,-1.8461538461538463,0,1,-0.04493364978171989,0,0,1,1
692,693,1,3,0.0,0,0,1.8208024391934032,1,1,0,0
693,694,0,3,-0.23076923076923078,0,0,-0.31309334072482853,1,1,0,1
694,695,0,1,2.4615384615384617,0,0,0.5238635576190146,1,1,0,0
695,696,0,2,1.8461538461538463,0,0,-0.041325964936594836,1,1,0,0
696,697,0,3,1.2307692307692308,0,0,-0.277362968609244,1,1,0,0
697,698,1,3,0.0,0,0,-0.29107910054743263,0,1,0,2
698,699,0,1,1.6153846153846154,1,1,4.1763001524495875,1,0,2,1
699,700,0,3,1.0769230769230769,0,0,-0.29468678539255766,1,1,0,0
700,701,1,1,-0.7692307692307693,1,0,9.227998752685192,0,0,1,1
701,702,1,1,0.5384615384615384,0,0,0.5124948028549651,1,1,0,0
702,703,0,3,-0.7692307692307693,0,1,0.0,0,0,1,1
703,704,0,3,-0.23076923076923078,0,0,-0.290715300394983,1,1,0,2
704,705,0,3,-0.15384615384615385,1,0,-0.2858429769246761,1,0,1,0
705,706,0,2,0.8461538461538461,0,0,0.5000433095419583,1,1,0,0
706,707,1,2,1.3076923076923077,0,0,-0.041325964936594836,0,1,0,0
707,708,1,1,1.0769230769230769,0,0,0.5124948028549651,1,1,0,0
708,709,1,1,-0.46153846153846156,0,0,5.937556302404546,0,1,0,0
709,710,1,3,0.0,1,1,0.03428383341417777,1,0,2,1
710,711,1,1,-0.3076923076923077,0,0,1.5179994456378627,0,1,0,1
711,712,0,1,0.0,0,0,0.5238635576190146,1,1,0,0
712,713,1,1,1.5384615384615385,1,0,1.6260914004573488,1,0,1,0
713,714,0,3,0.07692307692307693,0,0,-0.21528740212043518,1,1,0,0
714,715,0,2,1.8461538461538463,0,0,-0.06298073591573695,1,1,0,0
715,716,0,3,-0.6923076923076923,0,0,-0.29468678539255766,1,1,0,0
716,717,1,1,0.7692307692307693,0,0,9.227998752685192,0,1,0,1
717,718,1,2,-0.07692307692307693,0,0,-0.1712545908114476,0,1,0,0
718,719,0,3,0.0,0,0,0.04529311897997366,1,1,0,2
719,720,0,3,0.38461538461538464,0,0,-0.2892730926477721,1,1,0,0
720,721,1,2,-1.6923076923076923,0,1,0.803210103249948,0,0,1,0
721,722,0,3,-0.8461538461538461,1,0,-0.32049061049130345,1,0,1,0
722,723,0,2,0.46153846153846156,0,0,-0.06298073591573695,1,1,0,0
723,724,0,2,1.6923076923076923,0,0,-0.06298073591573695,1,1,0,0
724,725,1,1,-0.07692307692307693,1,0,1.6737318966114614,1,0,1,0
725,726,0,3,-0.6153846153846154,0,0,-0.2508358741597949,1,1,0,0
726,727,1,2,0.15384615384615385,3,0,0.283495599750537,0,0,3,0
727,728,1,3,0.0,0,0,-0.2908972004712078,0,1,0,2
728,729,0,2,-0.23076923076923078,1,0,0.5000433095419583,1,0,1,0
729,730,0,3,-0.23076923076923078,1,0,-0.2827766613540295,0,0,1,0
730,731,1,1,0.07692307692307693,0,0,8.526925542235466,0,1,0,0
731,732,0,3,-1.3076923076923077,0,0,0.18767323816783318,1,1,0,1
732,733,0,2,0.0,0,0,-0.6260047813734322,1,1,0,0
733,734,0,2,-0.38461538461538464,0,0,-0.06298073591573695,1,1,0,0
734,735,0,2,-0.38461538461538464,0,0,-0.06298073591573695,1,1,0,0
735,736,0,3,0.038461538461538464,0,0,0.07127884415494427,1,1,0,0
736,737,0,3,1.5384615384615385,1,3,0.8627607234425888,0,0,4,0
737,738,1,1,0.5384615384615384,0,0,21.56273820248077,1,1,0,1
738,739,0,3,0.0,0,0,-0.2840412999792114,1,1,0,0
739,740,0,3,0.0,0,0,-0.2840412999792114,1,1,0,0
740,741,1,1,0.0,0,0,0.6732814773750952,1,1,0,0
741,742,0,1,0.6153846153846154,1,0,2.7889526020372806,1,0,1,0
742,743,1,1,-0.5384615384615384,2,2,10.737336289931397,0,0,4,1
743,744,0,3,-0.3076923076923077,1,0,0.07127884415494427,1,0,1,0
744,745,1,3,0.23076923076923078,0,0,-0.2827766613540295,1,1,0,0
745,746,0,1,3.230769230769231,1,1,2.4489726976647495,1,0,2,0
746,747,0,3,-0.9230769230769231,1,1,0.25101344328182384,1,0,2,0
747,748,1,2,0.15384615384615385,0,0,-0.06298073591573695,0,1,0,0
748,749,0,1,-0.6923076923076923,1,0,1.6737318966114614,1,0,1,0
749,750,0,3,0.23076923076923078,0,0,-0.29035583119672925,1,1,0,2
750,751,1,2,-1.8461538461538463,1,1,0.37011468366710554,0,0,2,0
751,752,1,3,-1.6923076923076923,0,1,-0.0857182454438362,1,0,1,0
752,753,0,3,0.38461538461538464,0,0,-0.21456413276973182,1,1,0,0
753,754,0,3,-0.38461538461538464,0,0,-0.2840412999792114,1,1,0,0
754,755,1,2,1.5384615384615385,1,2,2.1891154459150437,0,0,3,0
755,756,1,2,-2.102307692307692,1,1,0.001983577021689412,1,0,2,0
756,757,0,3,0.0,0,0,-0.28837225417503987,1,1,0,0
757,758,0,2,-0.7692307692307693,0,0,-0.12794504885316332,1,1,0,0
758,759,0,3,0.46153846153846156,0,0,-0.277362968609244,1,1,0,0
759,760,1,1,0.38461538461538464,0,0,3.120270598018155,0,1,0,0
760,761,0,3,0.0,0,0,0.001983577021689412,1,1,0,0
761,762,0,3,1.0,0,0,-0.31742429492065694,1,1,0,0
762,763,1,3,-0.6153846153846154,0,0,-0.3129114406486037,1,1,0,1
763,764,1,1,0.6153846153846154,1,2,4.571140253620677,0,0,3,0
764,765,0,3,-0.9230769230769231,0,0,-0.2892730926477721,1,1,0,0
765,766,1,1,1.7692307692307692,1,0,2.7503334834730784,0,0,1,0
766,767,0,1,0.0,0,0,1.089053080174624,1,1,0,1
767,768,0,3,0.19230769230769232,0,0,-0.29035583119672925,0,1,0,2
768,769,0,3,0.0,1,0,0.41992065691913233,1,0,1,2
769,770,0,3,0.3076923076923077,0,0,-0.26382873674728013,1,1,0,0
770,771,0,3,-0.3076923076923077,0,0,-0.21456413276973182,1,1,0,0
771,772,0,3,1.5384615384615385,0,0,-0.2858429769246761,1,1,0,0
772,773,0,2,2.230769230769231,0,0,-0.1712545908114476,0,1,0,0
773,774,0,3,0.0,0,0,-0.31309334072482853,1,1,0,1
774,775,1,2,2.0,1,3,0.37011468366710554,0,0,4,0
775,776,0,3,-0.7692307692307693,0,0,-0.29035583119672925,1,1,0,0
776,777,0,3,0.0,0,0,-0.29035583119672925,1,1,0,2
777,778,1,3,-1.7692307692307692,0,0,-0.0857182454438362,0,1,0,0
778,779,0,3,0.0,0,0,-0.2908972004712078,1,1,0,2
779,780,1,1,1.1538461538461537,0,1,8.526925542235466,0,0,1,0
780,781,1,3,-1.1538461538461537,0,0,-0.3129114406486037,0,1,0,1
781,782,1,1,-0.8461538461538461,1,0,1.84263911024877,0,0,1,0
782,783,0,1,0.07692307692307693,0,0,0.6732814773750952,1,1,0,0
783,784,0,3,0.0,1,2,0.3896039775483334,1,0,3,0
784,785,0,3,-0.23076923076923078,0,0,-0.32067251056752827,1,1,0,0
785,786,0,3,-0.23076923076923078,0,0,-0.3120106021758714,1,1,0,0
786,787,1,3,-0.7692307692307693,0,0,-0.30136511676252514,0,1,0,0
787,788,0,3,-1.5384615384615385,4,1,0.6353856281615965,1,0,5,2
788,789,1,3,-2.076923076923077,1,2,0.2650890444182662,1,0,3,0
789,790,0,1,1.3846153846153846,0,0,2.8041109417226804,1,1,0,1
790,791,0,3,0.0,0,0,-0.29035583119672925,1,1,0,2
791,792,0,2,-0.9230769230769231,0,0,0.5000433095419583,1,1,0,0
792,793,0,3,0.0,8,2,2.3861738618252373,0,0,10,0
793,794,0,1,0.0,0,0,0.7034162566696693,1,1,0,1
794,795,0,3,-0.23076923076923078,0,0,-0.2840412999792114,1,1,0,0
795,796,0,2,0.8461538461538461,0,0,-0.06298073591573695,1,1,0,0
796,797,1,1,1.6153846153846154,0,0,0.4969769939713118,0,1,0,0
797,798,1,3,0.23076923076923078,0,0,-0.2499350356870626,0,1,0,0
798,799,0,3,0.15384615384615385,0,0,-0.3129114406486037,1,1,0,1
799,800,0,3,0.15384615384615385,1,1,0.41992065691913233,0,0,2,0
800,801,0,2,0.46153846153846156,0,0,-0.06298073591573695,1,1,0,0
801,802,1,2,0.23076923076923078,1,1,0.5108706950315294,0,0,2,0
802,803,1,1,-1.3076923076923077,1,2,4.571140253620677,1,0,3,0
803,804,1,3,-2.1215384615384614,0,1,-0.2571504053773127,1,0,1,1
804,805,1,3,-0.07692307692307693,0,0,-0.32392072621439955,1,1,0,0
805,806,0,3,0.23076923076923078,0,0,-0.2892730926477721,1,1,0,0
806,807,0,1,0.8461538461538461,0,0,-0.6260047813734322,1,1,0,0
807,808,0,3,-0.7692307692307693,0,0,-0.2892730926477721,0,1,0,0
808,809,0,2,0.8461538461538461,0,0,-0.06298073591573695,1,1,0,0
809,810,1,1,0.38461538461538464,1,0,1.6737318966114614,0,0,1,0
810,811,0,3,-0.15384615384615385,0,0,-0.28440076917746515,1,1,0,0
811,812,0,3,0.8461538461538461,0,0,0.41992065691913233,1,1,0,0
812,813,0,2,0.5384615384615384,0,0,-0.1712545908114476,1,1,0,0
813,814,0,3,-1.6923076923076923,4,2,0.7285011433719076,0,0,6,0
814,815,0,3,0.19230769230769232,0,0,-0.277362968609244,1,1,0,0
815,816,0,1,0.0,0,0,-0.6260047813734322,1,1,0,0
816,817,0,3,-0.38461538461538464,0,0,-0.2827766613540295,0,1,0,0
817,818,0,2,0.23076923076923078,1,1,0.9766301711593096,1,0,2,1
818,819,0,3,1.1538461538461537,0,0,-0.3466582357424988,1,1,0,0
819,820,0,3,-1.3846153846153846,3,2,0.5823314392626983,1,0,5,0
820,821,1,1,1.8461538461538463,1,1,3.423437391726145,0,0,2,0
821,822,1,3,-0.07692307692307693,0,0,-0.2508358741597949,1,1,0,0
822,823,0,1,0.7692307692307693,0,0,-0.6260047813734322,1,1,0,0
823,824,1,3,-0.07692307692307693,0,1,-0.0857182454438362,0,0,1,0
824,825,0,3,-2.0,4,1,1.092842665095974,1,0,5,0
825,826,0,3,0.0,0,0,-0.3250034647633567,1,1,0,2
826,827,0,3,0.0,0,0,1.8208024391934032,1,1,0,0
827,828,1,2,-2.076923076923077,0,2,0.9766301711593096,1,0,2,1
828,829,1,3,0.0,0,0,-0.29035583119672925,1,1,0,2
829,830,1,1,2.6153846153846154,0,0,2.8387585752893076,0,1,0,0
830,831,1,3,-1.0,1,0,0.0,0,0,1,1
831,832,1,2,-2.0900000000000003,1,1,0.18604913034439746,1,0,2,0
832,833,0,3,0.0,0,0,-0.3129114406486037,1,1,0,1
833,834,0,3,-0.38461538461538464,0,0,-0.2858429769246761,1,1,0,0
834,835,0,3,-0.7692307692307693,0,0,-0.2665355831196729,1,1,0,0
835,836,1,1,0.8461538461538461,1,1,2.9755431016561564,0,0,2,1
836,837,0,3,-0.5384615384615384,0,0,-0.2508358741597949,1,1,0,0
837,838,0,3,0.0,0,0,-0.277362968609244,1,1,0,0
838,839,1,3,0.3076923076923077,0,0,1.8208024391934032,1,1,0,0
839,840,1,1,0.0,0,0,0.6602886147876099,1,1,0,1
840,841,0,3,-0.6153846153846154,0,0,-0.2827766613540295,1,1,0,0
841,842,0,2,-0.9230769230769231,0,0,-0.1712545908114476,1,1,0,0
842,843,1,1,0.15384615384615385,0,0,0.7165910193333795,0,1,0,1
843,844,0,3,0.5,0,0,-0.34719960501697733,1,1,0,1
844,845,0,3,-0.8461538461538461,0,0,-0.2508358741597949,1,1,0,0
845,846,0,3,1.0769230769230769,0,0,-0.2990177395883861,1,1,0,0
846,847,0,3,0.0,8,2,2.3861738618252373,1,0,10,0
847,848,0,3,0.5384615384615384,0,0,-0.2840412999792114,1,1,0,1
848,849,0,2,0.0,0,1,0.803210103249948,1,0,1,0
849,850,1,1,0.0,1,0,3.2330573071859194,0,0,1,1
850,851,0,3,-1.8461538461538463,4,2,0.7285011433719076,1,0,6,0
851,852,0,3,3.5384615384615383,0,0,-0.2892730926477721,1,1,0,0
852,853,0,3,-1.4615384615384615,1,1,0.03428383341417777,0,0,2,1
853,854,1,1,-0.9230769230769231,0,1,1.080391171782967,0,0,1,0
854,855,0,2,1.2307692307692308,1,0,0.5000433095419583,0,0,1,0
855,856,1,3,-0.7692307692307693,0,1,-0.2210605640634745,0,0,1,0
856,857,1,1,1.3076923076923077,1,1,6.51429647980043,0,0,2,0
857,858,1,1,1.7692307692307692,0,0,0.5238635576190146,1,1,0,0
858,859,1,3,-0.3076923076923077,0,3,0.20806337052179327,0,0,3,1
859,860,0,3,0.0,0,0,-0.3129114406486037,1,1,0,1
860,861,0,3,1.0,2,0,-0.014980770563370535,1,0,2,0
861,862,0,2,-0.5384615384615384,1,0,-0.12794504885316332,1,0,1,0
862,863,1,1,1.5384615384615385,0,0,0.4969769939713118,0,1,0,0
863,864,0,3,0.0,8,2,2.3861738618252373,0,0,10,0
864,865,0,2,-0.3076923076923077,0,0,-0.06298073591573695,1,1,0,0
865,866,1,2,1.0769230769230769,0,0,-0.06298073591573695,0,1,0,0
866,867,1,2,-0.07692307692307693,1,0,-0.025808156052941598,0,0,1,1
867,868,0,1,0.23076923076923078,0,0,1.5609451874436977,1,1,0,0
868,869,0,3,0.0,0,0,-0.21456413276973182,1,1,0,0
869,870,1,3,-1.8461538461538463,1,1,-0.14382665788926616,1,0,2,0
870,871,0,3,-0.15384615384615385,0,0,-0.2840412999792114,1,1,0,0
871,872,1,1,1.4615384615384615,1,1,1.6500935486106298,0,0,2,0
872,873,0,1,0.38461538461538464,0,0,-0.40945707158201095,1,1,0,0
873,874,0,3,1.4615384615384615,0,0,-0.23621890374887394,1,1,0,0
874,875,1,2,0.0,1,0,0.4134242256253898,0,0,1,1
875,876,1,3,-1.0,0,0,-0.31309334072482853,0,1,0,1
876,877,0,3,-0.6153846153846154,0,0,-0.1995876931605571,1,1,0,0
877,878,0,3,-0.6923076923076923,0,0,-0.2840412999792114,1,1,0,0
878,879,0,3,0.0,0,0,-0.2840412999792114,1,1,0,0
879,880,1,1,2.1538461538461537,0,1,2.9755431016561564,0,0,1,1
880,881,1,2,-0.23076923076923078,0,1,0.5000433095419583,0,0,1,0
881,882,0,3,0.38461538461538464,0,0,-0.2840412999792114,1,1,0,0
882,883,0,3,-0.46153846153846156,0,0,-0.17053132146074423,0,1,0,0
883,884,0,2,0.0,0,0,-0.1712545908114476,1,1,0,0
884,885,0,3,-0.23076923076923078,0,0,-0.32067251056752827,1,1,0,0
885,886,0,3,0.8461538461538461,0,5,0.6353856281615965,0,0,5,2
886,887,0,2,-0.07692307692307693,0,0,-0.06298073591573695,1,1,0,0
887,888,1,1,-0.6923076923076923,0,0,0.6732814773750952,0,1,0,0
888,889,0,3,0.0,1,2,0.3896039775483334,0,0,3,0
889,890,1,1,-0.15384615384615385,0,0,0.6732814773750952,1,1,0,1
890,891,0,3,0.3076923076923077,0,0,-0.29035583119672925,1,1,0,2
